{"cameraMode":{"drawMode":0,"name":"Shaded","section":"Shading Mode"},"sceneLighting":true,"audioPlay":false,"sceneViewState":{"m_AlwaysRefresh":false,"showFog":true,"showSkybox":true,"showFlares":true,"showImageEffects":true,"showParticleSystems":true,"showVisualEffectGraphs":true,"m_FxEnabled":true},"in2DMode":false,"pivot":{"x":0.2243036925792694,"y":2.5890674591064455,"z":0.02939063310623169},"rotation":{"x":-0.4932749271392822,"y":-0.03469252586364746,"z":0.019690467044711114,"w":-0.8689456582069397},"size":0.9381610751152039,"orthographic":false}