{"cameraMode":{"drawMode":0,"name":"Shaded","section":"Shading Mode"},"sceneLighting":true,"audioPlay":false,"sceneViewState":{"m_AlwaysRefresh":false,"showFog":true,"showSkybox":true,"showFlares":true,"showImageEffects":true,"showParticleSystems":true,"showVisualEffectGraphs":true,"m_FxEnabled":true},"in2DMode":false,"pivot":{"x":-2.2916667461395265,"y":4.453099250793457,"z":2.6613636016845705},"rotation":{"x":0.4359580874443054,"y":0.036431651562452319,"z":-0.01766595058143139,"w":0.8990561366081238},"size":-0.33438873291015627,"orthographic":false}